{
   "library" : {
      "annotation" : [ {
         "translatorVersion" : "2.7.0",
         "translatorOptions" : "EnableAnnotations,EnableLocators,DisableListDemotion,DisableListPromotion",
         "type" : "CqlToElmInfo"
      }, {
         "type" : "Annotation",
         "s" : {
            "r" : "6",
            "s" : [ {
               "value" : [ "","library PlasmidDetectedConcepts version '0.1.0'" ]
            } ]
         }
      } ],
      "identifier" : {
         "id" : "PlasmidDetectedConcepts",
         "system" : "http://fhir.org/guides/cqf/ccc",
         "version" : "0.1.0"
      },
      "schemaIdentifier" : {
         "id" : "urn:hl7-org:elm",
         "version" : "r1"
      },
      "usings" : {
         "def" : [ {
            "localIdentifier" : "System",
            "uri" : "urn:hl7-org:elm-types:r1"
         } ]
      },
      "valueSets" : {
         "def" : [ {
            "localId" : "1",
            "locator" : "3:1-3:110",
            "name" : "Resistance Plasmid Mediated",
            "id" : "https://fhir.openconceptlab.org/orgs/cidgoh/ValueSet/PlasmidMediated",
            "accessLevel" : "Public",
            "annotation" : [ {
               "type" : "Annotation",
               "s" : {
                  "r" : "1",
                  "s" : [ {
                     "value" : [ "","valueset ","\"Resistance Plasmid Mediated\"",": ","'https://fhir.openconceptlab.org/orgs/cidgoh/ValueSet/PlasmidMediated'" ]
                  } ]
               }
            } ]
         }, {
            "localId" : "2",
            "locator" : "4:1-4:75",
            "name" : "AMR",
            "id" : "https://fhir.openconceptlab.org/orgs/cidgoh/ValueSet/AMR/",
            "accessLevel" : "Public",
            "annotation" : [ {
               "type" : "Annotation",
               "s" : {
                  "r" : "2",
                  "s" : [ {
                     "value" : [ "","valueset ","\"AMR\"",": ","'https://fhir.openconceptlab.org/orgs/cidgoh/ValueSet/AMR/'" ]
                  } ]
               }
            } ]
         }, {
            "localId" : "3",
            "locator" : "5:1-5:115",
            "name" : "antimicrobial resistant plasmid type",
            "id" : "https://fhir.openconceptlab.org/orgs/cidgoh/ValueSet/AMRplasmid/",
            "accessLevel" : "Public",
            "annotation" : [ {
               "type" : "Annotation",
               "s" : {
                  "r" : "3",
                  "s" : [ {
                     "value" : [ "","valueset ","\"antimicrobial resistant plasmid type\"",": ","'https://fhir.openconceptlab.org/orgs/cidgoh/ValueSet/AMRplasmid/'" ]
                  } ]
               }
            } ]
         }, {
            "localId" : "4",
            "locator" : "6:1-6:88",
            "name" : "bacteria",
            "id" : "https://fhir.openconceptlab.org/orgs/cidgoh/ValueSet/bacteriaWGS/",
            "accessLevel" : "Public",
            "annotation" : [ {
               "type" : "Annotation",
               "s" : {
                  "r" : "4",
                  "s" : [ {
                     "value" : [ "","valueset ","\"bacteria\"",": ","'https://fhir.openconceptlab.org/orgs/cidgoh/ValueSet/bacteriaWGS/'" ]
                  } ]
               }
            } ]
         }, {
            "localId" : "5",
            "locator" : "7:1-7:111",
            "name" : "Detected Resistance Marker",
            "id" : "https://fhir.openconceptlab.org/orgs/cidgoh/ValueSet/ResistanceMarker/",
            "accessLevel" : "Public",
            "annotation" : [ {
               "type" : "Annotation",
               "s" : {
                  "r" : "5",
                  "s" : [ {
                     "value" : [ "","valueset ","\"Detected Resistance Marker\"",": ","'https://fhir.openconceptlab.org/orgs/cidgoh/ValueSet/ResistanceMarker/'" ]
                  } ]
               }
            } ]
         }, {
            "localId" : "6",
            "locator" : "8:1-8:136",
            "name" : "phenotypic antimicrobial drug susceptibility test",
            "id" : "https://fhir.openconceptlab.org/orgs/cidgoh/ValueSet/drugSusceptibility/",
            "accessLevel" : "Public",
            "annotation" : [ {
               "type" : "Annotation",
               "s" : {
                  "r" : "6",
                  "s" : [ {
                     "value" : [ "","valueset ","\"phenotypic antimicrobial drug susceptibility test\"",": ","'https://fhir.openconceptlab.org/orgs/cidgoh/ValueSet/drugSusceptibility/'" ]
                  } ]
               }
            } ]
         } ]
      }
   }
}