{
  "resourceType" : "Device",
  "id" : "cqf-tooling",
  "meta" : {
    "profile" : ["http://hl7.org/fhir/us/cqfmeasures/StructureDefinition/device-softwaresystem-cqfm"]
  },
  "text" : {
    "status" : "generated",
    "div" : "<div xmlns=\"http://www.w3.org/1999/xhtml\"><p><b>Generated Narrative: Device</b><a name=\"cqf-tooling\"> </a></p><div style=\"display: inline-block; background-color: #d9e0e7; padding: 6px; margin: 4px; border: 1px solid #8da1b4; border-radius: 5px; line-height: 60%\"><p style=\"margin-bottom: 0px\">Resource Device &quot;cqf-tooling&quot; </p><p style=\"margin-bottom: 0px\">Profile: <a href=\"http://hl7.org/fhir/us/cqfmeasures/STU3/StructureDefinition-device-softwaresystem-cqfm.html\">CQFM Device</a></p></div><p><b>manufacturer</b>: CQFramework</p><h3>DeviceNames</h3><table class=\"grid\"><tr><td style=\"display: none\">-</td><td><b>Name</b></td><td><b>Type</b></td></tr><tr><td style=\"display: none\">*</td><td>cqf-tooling</td><td>manufacturer-name</td></tr></table><p><b>type</b>: Tooling <span style=\"background: LightGoldenRodYellow; margin: 4px; border: 1px solid khaki\"> (<a href=\"http://hl7.org/fhir/us/cqfmeasures/STU3/CodeSystem-software-system-type.html\">Software System Type Codes</a>#tooling)</span></p><h3>Versions</h3><table class=\"grid\"><tr><td style=\"display: none\">-</td><td><b>Value</b></td></tr><tr><td style=\"display: none\">*</td><td>2.4.0</td></tr></table></div>"
  },
  "manufacturer" : "CQFramework",
  "deviceName" : [{
    "name" : "cqf-tooling",
    "type" : "manufacturer-name"
  }],
  "type" : {
    "coding" : [{
      "system" : "http://hl7.org/fhir/us/cqfmeasures/CodeSystem/software-system-type",
      "code" : "tooling"
    }]
  },
  "version" : [{
    "value" : "2.4.0"
  }]
}